id_movie,title,id_game
3,The Most ICONIC Moments in EVO History (FGC),1
1,Street Fighter - Justin vs Daigo,1
5,The Top 10 Bad Manner Moments in Esports,1
2,10 Batsh*t Crazy Things That Happened at Gaming Tournaments,1
4,Esports,1
6,Esports,2
7,EVO 2019 Smash Ultimate Grand Finals - TSM | Tweek (Pokemon Trainer) Vs. FOX | MkLeo (Joker),2
8,Things of Beauty: Super Smash Bros. as Spectator Sport,2
9,Smash Ultimate Tournament Grand Finals - Wishes (Inkling) vs Jakal (Pokemon Trainer) - CN:B-Airs 165,2
10,The Story of Leffen: The God Slayer,2
12,MARVEL VS. CAPCOM INFINITE GAMING TOURNAMENT (React: Gaming),3
13,The Story of Justin Wong,3
14,The Man Who Revived This Dead Game From a Basement,3
15,Clutch 2018 - Marvel vs Capcom Infinite - Top 8 Finals [1080p/60fps],3
11,The Most ICONIC Moments in EVO History (FGC),3
20,TEKKEN 7: SPEEDKICKS VS. KIT | LIL MAJIN | Top 8 | CEO 2016,4
18,Tournament Match of The Year | Majin vs. JDCR | TEKKEN 7 @ EVO 2018 (Top 8),4
19,CEO 2017 Tekken 7 Royal Rumble FINAL!!!,4
17,The Man Who Suplexed the Gods of Tekken,4
16,How Rangchu Did The Impossible With One of Tekken's Worst Characters,4
21,Winners Final ‚ñ∑ Combo Breaker 2018 - Killer Instinct - Amenty (Maya; Shin Hisako) vs Bass (Spinal),5
25,Ultra Combo - Killer Instinct - E3 2013 Gameplay,5
22,Combo Breaker 2019 - Killer Instinct Tournament Top 8 Finals,5
23,Grand Final ‚ñ∑ Combo Breaker 2018 - Killer Instinct - Amenty (Eagle) vs Sleep (Aria),5
24,Killer Instinct - Exclusive Sadira Trailer,5
29,Finals Tribe Gaming vs Zombie Doom [BO3/2] Clash of Clans ESL Mobile Open Season 4 Finals,6
27,DOOM (1993 ORIGINAL GAME) (Teens React: Retro Gaming),6
28,The Laymen Review Doom Eternal,6
26,WARNING: DOOM BOTS HAVE INVADED THE MACHINES!,6
30,BEASTCOAST vs VICI GAMING [Game 2] BO3 - El Doom Carry De K1 - LEIPZIG MAJOR DreamLeague 13 DOTA 2,6
34,Thorin's Thoughts - Quake Can't Be Number One Again (Quake),7
31,Cooller vs CZM - ESWC 2005 Quake3 Grand Final 1080p Classic,7
32,Rapha vs cooller Quakecon 2017 (1$ Million Tournament Quake Champions),7
35,Quake Champions and eSports,7
33,"Zowie XL2540 240Hz: Monitor ideal para Quake Champions, CSGO, Overwatch y esports",7
38,CS:GO - Counter Strike: Global Offensive (Teens React: Gaming),8
39,The Top 10 AWP Kills in Competitive CS:GO,8
40,Virtus.pro vs. NiP Gaming - Grand Final - EMS One Katowice 2014 - CS:GO,8
37,"CS:GO - BEST PRO MOMENTS! 2018 (Flickshots, Crazy Clutches, Inhuman Reactions, ACEs, Best Frags)",8
36,CS:GO - Fnatic vs. EnVyUS [Dust2] - ESL One Cologne 2015 - Grand Final Map 1,8
42,Call of Duty League 2020 Season | Atlanta FaZe Home Series | Day 2,9
44,Call Of Duty League 2020 Season | Launch Weekend | Day 2,9
45,Call Of Duty League 2020 Season | Chicago Huntsmen Home Series | Day 2,9
41,Call of Duty League | London Royal Ravens Home Series | Day 2,9
43,Call Of Duty League 2020 Season | Atlanta FaZe Home Series | Day 1,9
47,Frantic vs. ScrMz - Reverse - JeeSports Cup - 1/4 Final Duel - Unreal Tournament 2004/UT2004,10
48,Unreal Tournament 4 - ESL Cup FINAL ACo vs Szarkan 12/03/2016 - 3 maps commented by zaccubus & Bleh,10
50,Unreal Tournament esports League (UTel) - 1on1 Cup Final s1 vs. eagle - Deck16,10
46,*aAa*Falcon vs. fnatic.lauke - Semi Final - ESWC 2005 - Duel - Unreal Tournament 2004 / UT2004,10
49,"eSports Report - Unreal Tournament and Sunset Overdrive - May 8, 2014",10
52,The Rise and Fall of Halo esports,11
53,"This is why there is NO Halo Infinite gameplay yet | Xbox Series X, Pre-orders, eSports, etc",11
54,Halo - Cloud9 vs. Optic Gaming - Halo Championship Series - Season 1 - Quarterfinal,11
55,Halo - EG vs. CLG - Halo Championship Series - Season 1 - Grand Final,11
51,The Most Intense Halo Game of All Time?,11
59,PAINKILLER ESPORTS,12
58,OP7 LA ll Ea-eSports  vs  l-Pain-Killer-l,12
56,Etienne vs CptMeat Giga Esports Painkiller Match 1/2,12
57,Etienne vs CptMeat Giga Esports Painkiller Match 2/2,12
60,CPL Sweden - Gellehsak vs zyz DM_Sacred,12
61,Fnatic vs. Epsilon eSports - Grand Final - ESL One Finals Spring 2014 - Battlefield 4,13
65,Epsilon vs. GC eSports - Group D - EMS One - Battlefield 4,13
64,Battlefield 4 KaoS eSports vs Ao1 ESB Semi Final Match,13
63,Battlefield 4 KaoS eSports vs LoY ESB Clan Match,13
62,Battlefield 1 Competitive Esports - Frontlines S2 | Championship | EN vs 6*Gs,13
70,RGT vs TNC Pro Team - Crossfire Stars National Final 2016 - Game 1,14
69,[AK47-CFS]21 kill scrim | x0tek vs Brando & xfam0usx | CrossFire Stream Highlights,14
68,#Gamer6Miliar Crossfire Next Generation,14
67,WCG 2019 GF | CrossFire Semi Final Match 1 Set 1 | SV vs Pacific Macta,14
66,Crossfire Next Generation ‚îÇ Esports FPS Terbesar di Indonesia 2018,14
71,Professional Overwatch Player DESTROYS Gamers (React),15
73,BEST Damage-Dealing Support in the League?! | MVP Nominations ‚Äî Viol2t,15
72,"Overwatch Patch Notes Breakdown ‚Äî August 13th, 2020",15
74,BEST PRO OVERWATCH MOMENTS 2018,15
75,Full Match | London Spitfire vs. New York Excelsior | Stage 1 Final,15
77,The Elusive Esport,16
76,The Top 10 Biggest STOMPS in Esports,16
78,How Valve Nearly Destroyed One of Their Most Beloved Games | OverExplained,16
79,G2 Esports vs. Team Vitality - Theme Park - Rainbow Six Pro League - Season XI - EU,16
80,Epsilon.TF2 - A TF2 Teammovie,16
85,Marines REACT to Rainbow Six Siege | Experts React,17
83,The Top 10 Dirtiest Cheaters in Esports Who Got Destroyed,17
82,Rainbow Six August 2020 Major - How Do You Show Your Siegedom?,17
84,Rainbow Six - Six Invitational 2018 - PENTA Sports vs. Evil Geniuses - Grand Final,17
81,Rainbow Six Esports | Six August 2020 Major: Playday 1,17
86,IeSF ·¥¥·¥∞ by NEGA „ÄêSA58 Para„Äë„ÄêAlliance of Valiant Arms„Äë,18
90,„ÄêAVA„Äë AIC2014 ahq e Sports Club vs CrackHeads „Äê2SET GAME„Äë,18
87,A.V.A IeSF 2010 Grand Final World Championships - USA vs. Korea (Pt. 1),18
88,IeSF - AVA 2010 Finals - Astrick vs DefkoN - Part 1,18
89,A.V.A IeSF 2010 Grand Final World Championships - USA vs. Japan (Pt. 1),18
94,Special Force 2 - Arctic Circle E-Sport Kapseln √∂ffnen,19
93,SFPC TNC Esports Cup 2018 Finals - Special Force Online Philippines,19
91,PPAS2019: Special Force All-Stars Championship,19
92,Special Forces Group 2 - TOP 5 COMMUNITY PLAYS! SFG2 #1,19
95,[THSF]Special Force CHALLENGER Tt eSPORTS By Thermaltake 2013,19
98,Warriors (ft. Imagine Dragons) | Worlds 2014 - League of Legends,20
97,CLG vs. GG | Quarterfinals | LCS Academy | Counter Logic Gaming vs. Golden Guardians (2020),20
96,GG vs. TSM | Playoffs Round 1 | LCS Summer | Golden Guardians vs. TSM (2020),20
100,Legends Never Die (ft. Against The Current) | Worlds 2017 - League of Legends,20
99,"RISE (ft. The Glitch Mob, Mako, and The Word Alive) | Worlds 2018 - League of Legends",20
105,"The Most ICONIC Scandals, Bugs & Broken Updates in Dota 2 History",21
101,The Most ICONIC Moments in The International History (Dota 2),21
102,Elon Musk's 'Dota 2' Experiment is Disrupting Esports in a Big Way - No Playing Field,21
104,The Story of Dendi: The Face of Dota,21
103,OG's comeback to win DOTA 2's TI8 | Against The Odds,21
108,SMITE World Championships 2019 Team Rival VS SK Gaming FINALS,22
107,SMITE Pro League: Splyce vs Team Rival,22
109,SMITE Cosplay & eSports - Music Video (Jack Sparrow Parody),22
106,The Road to DreamHack: Inside the Competitive World of SMITE,22
110,Smite Best of Pro Plays,22
112,‚ñ∫ Rare Cup - Quarterfinal - HeroesLounge Division 6 & 7 - Heroes of the Storm Esports,23
113,Cloud9 vs. Team Dignitas - Finals - Heroes of the Storm World Championship,23
114,Death of a Game: Heroes of the Storm,23
115,Silencing the Storm - The Rise and Fall Of Blizzard's MOBA,23
111,‚ñ∫ Quarterfinal #2 - Rare Cup - Division 6 & 7 - Heroes of the Storm Esports,23
118,ACE vs Qlash - Vainglory Premier League World Invitational Grand Finals,24
120,Team SoloMid Vs. Cloud9 Game 1 - Vainglory Summer Championships,24
117,The BEST MOMENTS from the Vainglory World Championships: EPIC PLAYS ONLY BRO,24
116,Team SoloMid (TSM) Vs. Phoenix Armada Full Game 3: Vainglory Worlds 2016 Championships FINALS,24
119,Razer Phone 2 vs Blade Showmatch - Vainglory Premier League World Invitational,24
122,"Arena of Valor - Gameplay Walkthrough Part 1 - Valhein (iOS, Android)",25
123,"ULTIMATE VS!! | Mobile Legends, Arena of Valor, Heroes Evolved, Heroes Arena",25
124,[DAY 4 Coverage Part 1] Esports @ SEA Games 2019 ‚Äì DOTA 2 & Arena of Valor (AOV/ROV),25
121,[AOV] Philippines vs Korea in Garena AOV Arena of Valor (Set 1) - AIC 2017,25
125,Game Esport di Asian Games 2018 - Arena Of Valor Indonesia,25
130,"Mobile Legends: Bang Bang - Gameplay Walkthrough Part 1 (iOS, Android)",26
129,ALL MOBILE LEGENDS CINEMATIC TRAILERS (2016-2019) |Mobile Legends Bang Bang Cinematics,26
127,MPL Indonesia Season 5 Playoffs Hari ke-1 [Bahasa Indonesia],26
126,M1 WORLD CHAMPION,26
128,[Bahasa Indonesia Live] MPL Indonesia Season 5 Minggu ke-7 Hari ke-2,26
133,F1 Esports Virtual Grand Prix Highlights | Aramco,27
132,LIVE: F1 Esports Pro Series 2019 Event 1!,27
131,2017 F1 Esports Grand Final: The Deciding Race,27
134,2020 'Not The Australian Grand Prix' | Veloce Esports,27
135,F1 'Not the Grand Prix' Versus Series | Veloce Esports,27
136,Cody Crashes Out! Gran Turismo Sport Top 16 Superstars Highlights,28
137,Final Lap Thriller! Gran Turismo Sport Top 16 Superstars Highlights,28
140,I Raced Against Lewis Hamilton on Gran Turismo Sport,28
138,Gran Turismo Sport - Lewis Hamilton Reference Laps #1 - Nurburgring | PS4,28
139,Fraga Pit Disaster - Race Two Highlights - #FIAGTC Paris World Tour,28
141,iRacing: The Original eSport Racing Game,29
142,Lando Norris & Max Verstappen on iRacing | Stream Highlights 03.09.2019,29
145,Full iRacing Replay: Dixie Vodka 150 at Homestead-Miami Speedway | Pro Series Invitational,29
144,Heusinkveld TCR Heat Series | Round 5 at Interlagos,29
143,Indy Pro 2000 | Round 10 at Suzuka,29
146,Project CARS 2 vs Gran Turismo Sport - Graphics and sound comparison Mercedes AMG GT3,30
148,A1 eSports League Austria - Project Cars 2,30
147,Project Cars 2 Mad Multiplayer Race!,30
149,Project CARS eSports,30
150,PCARS2 | 2019 Playseat SMS-R Championship Series | Grand Final Part 3,30
151,TRACKMANIA - Eine Reise in meine Gaming Vergangenheit üéÆ ü•∞ | TrilluXe,31
152,Annonce du nouveau Trackmania (Lyon e-Sport 2020),31
153,Trackmania Cup 2017 #26 : Faire de du le eSport,31
155,Trackmania: Launch Trailer | Ubisoft [NA],31
154,The Start of My Esports Career! | Trackmania (Golden Goblet: Day Two),31
160,"Let's Talk Garfield Kart Furious Racing Gameplay | Nintendo Switch (Ps4, Xbox One, PC)",32
158,[Garfield Kart: Furious Racing] Off-screen footage,32
157,Garfield Kart Furious Racing Split-Screen Multiplayer Gameplay Part 1,32
159,Garfield Kart Furious Racing Split-Screen Multiplayer Gameplay Part 2,32
156,Garfield Kart Racing and Valorant with QAYZER GAMING,32
162,StarCraft 2 - Maru vs. Life (TvZ) - IEM 2015 Taipei - Grand Final,33
161,Starcraft 2 Gameplay footage and unit preview,33
165,"FP POV of Sound - Fast APM style (showing monitor, mouse and keyboard)",33
164,Stats vs Serral PvZ - Grand Final - 2018 WCS Global Finals - StarCraft II,33
163,Game Theory: The Human Hive Mind Theory (Starcraft 2: Legacy of the Void),33
166,Stats vs Serral PvZ - Grand Final - 2018 WCS Global Finals - StarCraft II,34
167,The Greatest Starcraft 2 Match Ever - Neeb vs Bly,34
168,StarCraft II - sOs [P] vs. Scarlett [Z] - Grand Final - IEM PyeongChang [1/2],34
170,Dark vs. ByuN ZvT - Finals - WCS Global Finals 2016 - StarCraft II,34
169,How IdrA Rage Quit to an Army That Didn't Exist,34
175,"Grubby | ""Esports Commentary"" | Warcraft 3 | ORC vs HU | Last Refuge",35
173,Warcraft 3 - Yule Cup GRAND FINAL: [UD] 120 vs. Infi [NE],35
172,WC3 - WGL Summer'19 - GRAND FINAL: [UD] Happy vs. Moon [NE],35
174,WC3 - Th000 vs. Lyn - Ting Warcraft Invitational - Semifinal [1/2],35
171,Grubby | Warcraft 3 The Frozen Throne | 2v2 ORC/HU vs. NE/UD - Phantom Grove,35
177,FIFA 20 | FNATIC TEKKZ vs TUNDRA MSDOSSARY | FUT Champions Cup Stage IV | Xbox Final,36
178,F2Tekkz vs Rebel Stokes - Final- FIFA 19 Global Series Xbox Playoffs,36
179,GRAND FINAL F2TEKKZ VS KYLE LEESE ePL FIFA 19 Global Series,36
176,"FIFA 21 & Madden 21 | Feel Next Level (PS5, Xbox Series X)",36
180,F2Tekkz vs PSG DaXe - Gfinity FIFA Series January LQE,36
183,Madden 18 | JoelCP Vs. Skimbo | Ultimate League,37
185,Mass Shooting At Madden 19 Tournament In Jacksonville | NBC News,37
184,"FIFA 21 & Madden 21 | Feel Next Level (PS5, Xbox Series X)",37
182,Kaus gets wrecked in madden and rages,37
181,See Jacksonville Gunman David Katz After He Won Gaming Tournament Last Year,37
190,NBA 2k League Fight!!! (HEATED),38
189,How NBA 2K Makes Basketball Players Look Real In Video Games,38
186,PLAYING EVERY SINGLE NBA 2K GAME IN ONE VIDEO...,38
188,NBA 2K evolution [1999 - 2019],38
187,NBA 2K17 All-Star Tournament Championship Livestream,38
192,eFootball PES2021 Corinthians announcement trailer,39
191,HIGHLIGHTS  |  eFootball.Pro Cup Knockout Stage,39
195,PES League World Finals 2017 | 1/4 Mayageka (JAP) vs Guifera (BRA),39
194,Pes Mobile 2019 / Pro Evolution Soccer / Android Gameplay,39
193,One Easy TRICK to do any SKILL in PES 20 Mobile,39
198,The true story behind the best goal in Rocket League history,40
200,Evolution of Rocket League (2008-2019),40
197,TOP 50 MUST SEE ROCKET LEAGUE MOMENTS (ROCKET LEAGUE BEST GOALS & FUNNY MOMENTS),40
199,Announcing RLCS Season 7,40
196,"ROCKET LEAGUE: Best Goals, Saves & Fails! #1 (Rocket League Funny Moments)",40
203,"GEARS OF WAR 4 - Optic vs Splyce $75,000 GRAND FINAL MLG Paris 2017",41
204,OpTic Mental Montage | Optic Gears | Gears of War 4,41
201,gears 4 pro circuit splyce vs mfh audio latino juego 1,41
202,Gears of War 4 | Abriendo 15 Esports Packs | El Mejor de Todos!!,41
205,2008 MLG Las Vegas - Championship Sunday: Gears of War - Game 1 - Part 1,41
208,The Story of BenjyFishy | House Tour (Fortnite World Cup NYC Double Qualified),42
207,"$3,000,000 FORTNITE Pro Am ft. Vikkstar, Marshmello, Lachlan, Ninja, Ali-A & More!",42
206,No One Respects Esports,42
210,Ninja vs Myth at Las Vegas Fortnite Tournament! | Fortnite Best Moments #42,42
209,A Misfit Story: Sceptic | How a 14 year old became a Fortnite king,42
212,[EN] PMCO North America Group Stage Day 3 | Fall Split | PUBG MOBILE CLUB OPEN 2020,43
215,ESPORTS PUBG | PlayerUnknown's Battlegrounds,43
214,PUBG Mobile Battle Of Stars ‚Ä¢ Day 1 ‚Ä¢ UltimateE x Villager Esports,43
211,The History of Dr DisRespect - Twitch Superstar | The History of ESPORTS (PUBG H1Z1 COD),43
213,[ES] PMCO LATAM - Fase de Grupos - D√≠a 3,43
217,"[DAY 1 Coverage] Esports @ SEA Games 2019 ‚Äì Mobile Legends (MLBB), Starcraft II & Hearthstone",44
219,Fr0zen vs. tom60229 - Grand Final - 2017 HCT World Championship,44
216,Best Tournament Moments of all Time - Hearthstone,44
218,Hunterace vs Viper ‚Äì Finals ‚Äì 2019 HCT World Championship,44
220,[DAY 2 Coverage] Esports @ SEA Games 2019 ‚Äì Hearthstone & Starcraft II,44
225,2018 Pok√©mon Oceania International Championships: VG Masters Finals,45
223,2020 Pok√©mon Oceania International Championships: VGC Masters Division Finals,45
224,2019 Pok√©mon North America International Championships: Pokk√©n Tournament DX Grand Finals,45
221,2018 Pok√©mon North America International Championships: VG Masters Finals,45
222,2019 Pok√©mon North America International Championships: VGC Masters Division Finals,45
229,‰∫∫Èñì„ÅÆ„Åø„Çì„Å™„ÅåÊú¨Ê∞ó„Åß„Éú„Ç≥„Çä„Å´„Åç„Åü„ÄÇ „Ç™„É≥„É©„Ç§„É≥ÂØæÊà¶‰ºöÔºÅ„Äê„Å∑„Çà„Å∑„Çàe„Çπ„Éù„Éº„ÉÑ„Äë[ENG SUB],46
227,Theme of Puyo (Main Menu) ~ Puyo Puyo Champions (eSports) OST,46
228,Contact Open Space (Internet Menu) ~  Puyo Puyo Champions (eSports) OST,46
226,Puyo Puyo Champions (eSports) OST,46
230,Puyo Puyo!! 20th Anniversary - All Characters' Spells ( With Subtitles),46
233,Joseph Saelee sweeps Jonas Neubauer to become the 2018 Tetris World Champion | ESPN Esports,47
235,TETRIS 99 ESPORTS,47
231,16 Y/O UNDERDOG vs. 7-TIME CHAMP - Classic Tetris World Championship 2018 Final Round,47
234,Tetris World Championship: Building Explosive Esports on 8-bit Nintendo,47
232,This Is The World's Most Competitive Puzzle Game - Tetris,47
237,Everything Wrong With Top Tier Jets In A Single Match (War Thunder),48
239,ESPORTS READY PILOT (War Thunder),48
236,E-SPORTS READY // War Thunder,48
240,War Thunder,48
238,Tanks Realistic Battles - War Thunder Video Tutorials,48
242,WoT Blitz 2018 Twister Finals Epic Winning Play by [RA1D],49
244,WGL EU - WoWs Showmatch | The Grand Finals 2016 Warsaw | feat. The Mighty Jingles [1080p 60fps],49
241,The Grand Finals 2016 - Top 10 Moments,49
245,Physics vs eSports in World of Tanks,49
243,Is World of Tanks Dying?,49
249,WoW Arena World Championship Grand Final,50
248,AWC Top Five Plays | BFA Cup #4,50
246,Graj za darmo 06-19.08,50
247,Validation - Whaazz | AWC 2020,50
250,What is Leeroy Jenkins? How a Joke Among Friends Birthed an Internet Legend,50
254,"CLASH ROYALE BEST MATCH IN HISTORY! (SURGICAL GOBLIN VS MORTEN, WON BY 1 POINT!)",51
255,2019 Clash Royale League World Finals (English),51
252,"Orange Juice VS Nickatnyte | Clash Royale King‚Äôs Cup 2017 - $200,000 Clash Royale Tournament - Day 2",51
251,Clash Royale League: OFFICIAL 2018 Season Kickoff Trailer!,51
253,Clash Royale League: 2018 World Finals,51
